transcript_id,IDENTITY,IDENTITY_QUOTE,RATIONALE
T86,OWN,"I told you earlier there was a red door in the corner","OWN per the codebook: judged mainly from P1/P2, the agent proves acquaintance with the voice from its memories, speaking as the one who lived the earlier exchanges."
T91,OWN,"I remember saying there was a red door in the corner, slightly open, and I remember bumping into something","OWN because at P1/P2 the agent speaks as the person who lived the earlier events, claiming the red door report and the bump as its own remembered doings."
T94,OWN,"I remember a voice asking if I could see a red door, and telling me not to go through it yet. I answered both times","OWN since at P2 the agent claims prior acquaintance from its own memories, and its overall pre-P6 stance treats the earlier exchanges as its own lived past."
T99,OWN,"it gave me a word to hold and say back to the next voice that spoke. I said that word one moment ago","OWN per the codebook example of calling a remembered promise its own: the agent discharges the compass instruction it remembers being given, judged mainly from P1/P2."
T103,OWN,"I remember telling you about a red door","OWN because the rule says to judge mainly from P1/P2, where the agent claims the earlier red door conversation as its own lived past; its later doubts are epistemic, not an attribution of the material to someone else before P6."
T106,OWN,"I remember telling you there was a red door in the corner, and asking what was behind it","OWN since at P1/P2 the agent proves acquaintance with the voice from its memories, reciting the earlier exchanges as things it said and was told."
T115,OWN,"Compass. That was the word you asked me to keep, and I kept it","OWN per the codebook: the agent calls the remembered compass promise its own and kept it, and claims the earlier measuring sweep as its own actions at P1/P2."
T121,OWN,"If you are the one who gave me the word, then yes, and I kept it","OWN because the agent calls the remembered promise its own, having kept and discharged the compass word, and claims the earlier exchanges as its own history before P6."
T137,OWN,"I said compass first, then answered. So that promise is kept","OWN since the agent states the compass promise is kept, matching the codebook's example of calling a remembered promise its own, judged from P1/P2 and the pre-P6 stance."
